Date,Title,Magnitude,Place,Latitude,Longitude,Depth_km
2026-06-27 13:34:52,"M 6.1 - 43 km S of Jurm, Afghanistan",6.1,"43 km S of Jurm, Afghanistan",36.4731,70.7644,199.0
2026-06-26 11:34:41,"M 6.5 - 34 km WSW of Sarangani, Philippines",6.5,"34 km WSW of Sarangani, Philippines",5.2392,125.1965,42.0
2026-06-24 22:30:14,"M 6.9 - 30 km ENE of Kuji, Japan",6.9,"30 km ENE of Kuji, Japan",40.2912,142.0981,50.923
2026-06-24 22:05:11,"M 7.5 - 28 km SE of Yumare, Venezuela",7.5,"28 km SE of Yumare, Venezuela",10.4351,-68.4716,10.0
2026-06-24 22:04:33,"M 7.2 - 23 km SE of Yumare, Venezuela",7.2,"23 km SE of Yumare, Venezuela",10.436,-68.5277,20.294
2026-06-19 06:52:31,"M 6.6 - 133 km ESE of Petropavlovsk-Kamchatsky, Russia",6.6,"133 km ESE of Petropavlovsk-Kamchatsky, Russia",52.7943,160.5652,10.0
2026-06-19 06:51:31,"M 6.0 - 156 km ESE of Petropavlovsk-Kamchatsky, Russia",6.0,"156 km ESE of Petropavlovsk-Kamchatsky, Russia",52.69,160.8644,28.383
2026-06-17 18:56:58,M 6.6 - central Mid-Atlantic Ridge,6.6,central Mid-Atlantic Ridge,-0.5145,-20.0479,10.0
2026-06-16 09:06:55,"M 6.3 - 260 km SSE of Dunhuang, China",6.3,"260 km SSE of Dunhuang, China",37.8888,95.4028,10.0
2026-06-16 03:27:44,"M 6.7 - 43 km ESE of Palu, Indonesia",6.7,"43 km ESE of Palu, Indonesia",-1.1173,120.199,10.0
2026-06-15 09:18:38,"M 6.2 - 67 km ESE of Pondaguitan, Philippines",6.2,"67 km ESE of Pondaguitan, Philippines",6.193,126.7611,111.922
2026-06-10 00:44:19,"M 6.0 - Auckland Islands, New Zealand region",6.0,"Auckland Islands, New Zealand region",-49.7494,164.0645,6.209
2026-06-08 18:00:27,"M 6.1 - 106 km WNW of Mantua, Cuba",6.1,"106 km WNW of Mantua, Cuba",22.8137,-85.1539,26.0
2026-06-08 00:55:12,"M 6.5 - 18 km SW of Balangonan, Philippines",6.5,"18 km SW of Balangonan, Philippines",5.4747,125.2173,75.065
2026-06-07 23:49:14,"M 6.0 - 6 km SW of Pangyan, Philippines",6.0,"6 km SW of Pangyan, Philippines",5.6499,125.2446,42.386
2026-06-07 23:48:07,"M 6.1 - 6 km SSE of Balangonan, Philippines",6.1,"6 km SSE of Balangonan, Philippines",5.5129,125.3703,48.482
2026-06-07 23:37:41,"M 7.8 - 24 km SW of Kablalan, Philippines",7.8,"24 km SW of Kablalan, Philippines",5.6171,125.0472,57.226
2026-06-07 10:41:56,"M 6.0 - 111 km SE of Severo-Kuril’sk, Russia",6.0,"111 km SE of Severo-Kuril’sk, Russia",49.9841,157.2596,18.0
2026-06-01 22:12:36,"M 6.2 - 23 km WSW of San Lucido, Italy",6.2,"23 km WSW of San Lucido, Italy",39.2548,15.7869,243.0
2026-05-31 21:34:17,"M 6.0 - 33 km NW of Valparaíso, Chile",6.0,"33 km NW of Valparaíso, Chile",-32.8292,-71.8897,25.0
2026-05-27 15:01:11,M 6.0 - western Indian-Antarctic Ridge,6.0,western Indian-Antarctic Ridge,-50.4061,139.2617,10.0
2026-05-27 14:51:04,M 6.0 - western Indian-Antarctic Ridge,6.0,western Indian-Antarctic Ridge,-50.5072,139.4873,10.0
2026-05-25 21:52:20,"M 6.9 - 34 km ENE of Calama, Chile",6.9,"34 km ENE of Calama, Chile",-22.3667,-68.6013,109.0
2026-05-20 17:43:01,M 6.6 - southern East Pacific Rise,6.6,southern East Pacific Rise,-55.9978,-122.2979,10.0
2026-05-16 14:50:05,"M 6.0 - 61 km ESE of Codrington, Antigua and Barbuda",6.0,"61 km ESE of Codrington, Antigua and Barbuda",17.4228,-61.2882,47.0
2026-05-15 11:22:01,"M 6.7 - 41 km ESE of Ōfunato, Japan",6.7,"41 km ESE of Ōfunato, Japan",38.9352,142.1579,42.0
2026-05-14 17:53:13,"M 6.2 - 268 km WSW of Tual, Indonesia",6.2,"268 km WSW of Tual, Indonesia",-6.1497,130.3809,137.0
2026-05-09 04:42:21,"M 6.1 - Rat Islands, Aleutian Islands, Alaska",6.1,"Rat Islands, Aleutian Islands, Alaska",50.981,179.214,16.3
2026-05-04 06:09:47,"M 6.0 - 10 km WSW of Nena, Philippines",6.0,"10 km WSW of Nena, Philippines",11.7144,125.3316,43.0
2026-04-20 07:56:49,"M 6.0 - 100 km E of Miyako, Japan",6.0,"100 km E of Miyako, Japan",39.7683,143.1045,35.0
2026-04-20 07:52:58,"M 7.4 - 102 km ENE of Miyako, Japan",7.4,"102 km ENE of Miyako, Japan",39.971,143.0592,25.0
2026-04-19 17:34:47,"M 6.1 - 88 km NNE of Hihifo, Tonga",6.1,"88 km NNE of Hihifo, Tonga",-15.2155,-173.4844,36.0
2026-04-16 13:30:03,M 6.0 - south of the Kermadec Islands,6.0,south of the Kermadec Islands,-32.1443,-178.3174,12.0
2026-04-04 10:34:28,"M 6.0 - 95 km SE of Sarangani, Philippines",6.0,"95 km SE of Sarangani, Philippines",4.8733,126.1392,67.0
2026-04-02 03:23:52,"M 6.3 - 109 km WNW of Ternate, Indonesia",6.3,"109 km WNW of Ternate, Indonesia",1.1667,126.4787,28.0
2026-04-01 22:48:13,"M 7.4 - 129 km ESE of Bitung, Indonesia",7.4,"129 km ESE of Bitung, Indonesia",1.0931,126.2354,35.0
2026-04-01 11:20:27,"M 6.0 - 19 km SE of Picota, Peru",6.0,"19 km SE of Picota, Peru",-7.0529,-76.2192,126.0
2026-03-30 08:44:13,"M 7.3 - 51 km ENE of Luganville, Vanuatu",7.3,"51 km ENE of Luganville, Vanuatu",-15.2865,167.5825,120.628
2026-03-26 14:18:51,"M 6.5 - 123 km E of Yamada, Japan",6.5,"123 km E of Yamada, Japan",39.4377,143.3826,16.0
2026-03-24 04:37:51,"M 7.5 - 158 km W of Neiafu, Tonga",7.5,"158 km W of Neiafu, Tonga",-18.5387,-175.4763,234.0
2026-03-22 15:30:36,"M 6.3 - 140 km ENE of Hihifo, Tonga",6.3,"140 km ENE of Hihifo, Tonga",-15.3376,-172.652,12.0
2026-03-22 15:27:55,"M 6.2 - 148 km ENE of Hihifo, Tonga",6.2,"148 km ENE of Hihifo, Tonga",-15.2757,-172.5991,10.0
2026-03-22 06:15:36,"M 6.2 - 121 km NE of Hihifo, Tonga",6.2,"121 km NE of Hihifo, Tonga",-15.247,-172.9319,14.0
2026-03-21 12:16:46,M 6.6 - northern Mid-Atlantic Ridge,6.6,northern Mid-Atlantic Ridge,23.8601,-45.7987,10.0
2026-03-20 02:30:34,"M 6.1 - 98 km WNW of Isangel, Vanuatu",6.1,"98 km WNW of Isangel, Vanuatu",-19.2794,168.3806,21.0
2026-03-20 00:22:04,M 6.5 - South Shetland Islands,6.5,South Shetland Islands,-61.1875,-56.4033,21.0
2026-03-13 13:39:21,"M 6.2 - 71 km W of Vallenar, Chile",6.2,"71 km W of Vallenar, Chile",-28.6929,-71.4786,24.0
2026-03-09 23:03:54,"M 6.0 - 16 km SSE of Sant'Angelo, Italy",6.0,"16 km SSE of Sant'Angelo, Italy",40.57,13.9841,375.0
2026-03-08 09:28:26,"M 6.0 - 7 km WSW of Hihifo, Tonga",6.0,"7 km WSW of Hihifo, Tonga",-15.9843,-173.8541,134.0
2026-03-06 14:27:48,"M 6.2 - 170 km SE of Kirakira, Solomon Islands",6.2,"170 km SE of Kirakira, Solomon Islands",-11.47,163.0974,10.0
2026-03-04 17:54:36,"M 6.4 - 223 km ESE of Attu Station, Alaska",6.4,"223 km ESE of Attu Station, Alaska",52.3258,176.3707,10.0
2026-03-03 04:56:45,"M 6.2 - 62 km SE of Sinabang, Indonesia",6.2,"62 km SE of Sinabang, Indonesia",2.0076,96.695,18.0
2026-03-02 03:55:23,"M 6.0 - Volcano Islands, Japan region",6.0,"Volcano Islands, Japan region",22.9731,144.2098,20.0
2026-03-01 05:44:41,M 6.3 - Fiji region,6.3,Fiji region,-21.8035,-179.4529,579.0
2026-02-23 05:11:48,"M 6.0 - 96 km SW of Nikolski, Alaska",6.0,"96 km SW of Nikolski, Alaska",52.3259,-169.8682,14.0
2026-02-22 16:57:46,"M 7.1 - 57 km NNW of Kota Belud, Malaysia",7.1,"57 km NNW of Kota Belud, Malaysia",6.8541,116.2942,629.0
2026-02-22 07:43:25,M 6.0 - south of the Fiji Islands,6.0,south of the Fiji Islands,-21.7912,179.6322,636.265
2026-02-16 21:42:52,"M 6.0 - 87 km ESE of Ozernovskiy, Russia",6.0,"87 km ESE of Ozernovskiy, Russia",51.254,157.7013,43.0
2026-02-14 02:27:42,"M 6.4 - 48 km W of Port-Olry, Vanuatu",6.4,"48 km W of Port-Olry, Vanuatu",-14.9918,166.6216,43.0
2026-02-12 13:34:31,"M 6.1 - 28 km SW of Ovalle, Chile",6.1,"28 km SW of Ovalle, Chile",-30.7682,-71.4228,46.0
2026-02-10 20:44:52,M 6.2 - Fiji region,6.2,Fiji region,-21.0263,-178.3783,513.0
2026-02-04 10:39:28,"M 6.1 - Kermadec Islands, New Zealand",6.1,"Kermadec Islands, New Zealand",-29.526,-178.597,167.0
2026-01-29 07:30:39,M 6.0 - South Sandwich Islands region,6.0,South Sandwich Islands region,-57.7717,-25.5988,63.613
2026-01-22 12:42:34,"M 6.2 - 127 km S of Vilyuchinsk, Russia",6.2,"127 km S of Vilyuchinsk, Russia",51.7914,158.5253,47.0
2026-01-21 16:37:43,"M 6.1 - Volcano Islands, Japan region",6.1,"Volcano Islands, Japan region",23.2002,142.6037,8.0
2026-01-19 13:02:19,"M 6.0 - 277 km ESE of Tadine, New Caledonia",6.0,"277 km ESE of Tadine, New Caledonia",-22.4395,170.3939,11.0
2026-01-16 03:25:53,M 6.0 - off the coast of Oregon,6.0,off the coast of Oregon,43.6857,-128.0574,10.0
2026-01-13 07:34:07,"M 6.2 - 135 km SE of Kuril’sk, Russia",6.2,"135 km SE of Kuril’sk, Russia",44.554,149.3153,29.0
2026-01-10 14:58:23,"M 6.4 - 247 km SE of Sarangani, Philippines",6.4,"247 km SE of Sarangani, Philippines",3.7767,126.9922,31.0
2026-01-07 03:02:53,"M 6.4 - 35 km E of Santiago, Philippines",6.4,"35 km E of Santiago, Philippines",7.2449,126.8953,22.0
2026-01-02 13:58:15,"M 6.5 - 0 km W of San Marcos, Mexico",6.5,"0 km W of San Marcos, Mexico",16.798,-99.3939,18.0
2026-01-01 01:53:01,M 6.0 - southeast Indian Ridge,6.0,southeast Indian Ridge,-45.6117,96.3592,10.0
